<?xml version='1.0' encoding='UTF-8'?>
<l:dependencies xmlns:l='licenses' groupId='org.jenkins-ci.plugins' artifactId='token-macro' version='321.vd7cc1f2a_52c8'><l:dependency name='Token Macro Plugin' groupId='org.jenkins-ci.plugins' artifactId='token-macro' version='321.vd7cc1f2a_52c8' url='https://github.com/jenkinsci/token-macro-plugin'><l:description>This plugin adds reusable macro expansion capability for other plugins to use.</l:description><l:license name='The MIT License (MIT)' url='https://opensource.org/licenses/MIT'/></l:dependency><l:dependency name='Groovy Sandbox' groupId='org.kohsuke' artifactId='groovy-sandbox' version='1.27' url='http://kohsuke.org/groovy-sandbox/'><l:description>Executes untrusted Groovy script safely</l:description><l:license name='MIT license' url='http://www.opensource.org/licenses/mit-license.php'/></l:dependency><l:dependency name='project &apos;:json-path&apos;' groupId='com.jayway.jsonpath' artifactId='json-path' version='2.7.0' url='https://github.com/jayway/JsonPath'><l:description>Java port of Stefan Goessner JsonPath.</l:description><l:license name='The Apache Software License, Version 2.0' url='http://www.apache.org/licenses/LICENSE-2.0.txt'/></l:dependency><l:dependency name='ASM based accessors helper used by json-smart' groupId='net.minidev' artifactId='accessors-smart' version='2.4.7' url='https://urielch.github.io/'><l:description>Java reflect give poor performance on getter setter an constructor calls, accessors-smart use ASM to speed up those calls.</l:description><l:license name='The Apache Software License, Version 2.0' url='http://www.apache.org/licenses/LICENSE-2.0.txt'/></l:dependency><l:dependency name='Caffeine API Plugin' groupId='io.jenkins.plugins' artifactId='caffeine-api' version='2.9.3-65.v6a_47d0f4d1fe' url='https://github.com/jenkinsci/caffeine-api-plugin'><l:description>Jenkins plugin that packages Caffeine for use by other plugins.</l:description><l:license name='Apache License v2' url='https://www.apache.org/licenses/LICENSE-2.0.txt'/></l:dependency><l:dependency name='JBoss Marshalling API' groupId='org.jboss.marshalling' artifactId='jboss-marshalling' version='2.0.12.Final' url='http://www.jboss.org/jboss-marshalling-parent/jboss-marshalling'><l:description>JBoss Marshalling API</l:description><l:license name='Apache License 2.0' url='http://repository.jboss.org/licenses/apache-2.0.txt'/></l:dependency><l:dependency name='JSON Small and Fast Parser' groupId='net.minidev' artifactId='json-smart' version='2.4.7' url='https://urielch.github.io/'><l:description>JSON (JavaScript Object Notation) is a lightweight data-interchange format. It is easy for humans to read and write. It is easy for machines to parse and generate. It is based on a subset of the JavaScript Programming Language, Standard ECMA-262 3rd Edition - December 1999. JSON is a text format that is completely language independent but uses conventions that are familiar to programmers of the C-family of languages, including C, C++, C#, Java, JavaScript, Perl, Python, and many others. These properties make JSON an ideal data-interchange language.</l:description><l:license name='The Apache Software License, Version 2.0' url='http://www.apache.org/licenses/LICENSE-2.0.txt'/></l:dependency><l:dependency name='JBoss Marshalling River' groupId='org.jboss.marshalling' artifactId='jboss-marshalling-river' version='2.0.12.Final' url='http://www.jboss.org/jboss-marshalling-parent/jboss-marshalling-river'><l:description>JBoss Marshalling River Implementation</l:description><l:license name='Apache License 2.0' url='http://repository.jboss.org/licenses/apache-2.0.txt'/></l:dependency><l:dependency name='Script Security Plugin' groupId='org.jenkins-ci.plugins' artifactId='script-security' version='1138.v8e727069a_025' url='https://github.com/jenkinsci/script-security-plugin'><l:description>Allows Jenkins administrators to control what in-process scripts can be run by less-privileged users.</l:description><l:license name='MIT License' url='https://opensource.org/licenses/MIT'/></l:dependency><l:dependency name='Caffeine cache' groupId='com.github.ben-manes.caffeine' artifactId='caffeine' version='2.9.3' url='https://github.com/ben-manes/caffeine'><l:description>A high performance caching library</l:description><l:license name='Apache License, Version 2.0' url='https://www.apache.org/licenses/LICENSE-2.0.txt'/></l:dependency></l:dependencies>