<?xml version='1.0' encoding='UTF-8'?>
<l:dependencies xmlns:l='licenses' groupId='org.jenkins-ci.modules' artifactId='sshd' version='3.236.ved5e1b_cb_50b_2'><l:dependency name='SSH server' groupId='org.jenkins-ci.modules' artifactId='sshd' version='3.236.ved5e1b_cb_50b_2' url=''><l:description>Adds SSH server functionality to Jenkins, exposing CLI commands through it</l:description><l:license name='MIT License' url='https://opensource.org/licenses/MIT'/></l:dependency><l:dependency name='Apache Mina SSHD :: Core' groupId='org.apache.sshd' artifactId='sshd-core' version='2.8.0' url='https://www.apache.org/sshd/sshd-core/'><l:description>The Apache Software Foundation provides support for the Apache community of open-source software projects.
    The Apache projects are characterized by a collaborative, consensus based development process, an open and
    pragmatic software license, and a desire to create high quality software that leads the way in its field.
    We consider ourselves not simply a group of projects sharing a server, but rather a community of developers
    and users.</l:description><l:license name='Apache 2.0 License' url='https://www.apache.org/licenses/LICENSE-2.0'/></l:dependency><l:dependency name='EdDSA-Java' groupId='net.i2p.crypto' artifactId='eddsa' version='0.3.0' url='https://github.com/str4d/ed25519-java'><l:description>Implementation of EdDSA in Java</l:description><l:license name='CC0 1.0 Universal' url='https://creativecommons.org/publicdomain/zero/1.0/'/></l:dependency><l:dependency name='Apache Mina SSHD :: Common support utilities' groupId='org.apache.sshd' artifactId='sshd-common' version='2.8.0' url='https://www.apache.org/sshd/sshd-common/'><l:description>The Apache Software Foundation provides support for the Apache community of open-source software projects.
    The Apache projects are characterized by a collaborative, consensus based development process, an open and
    pragmatic software license, and a desire to create high quality software that leads the way in its field.
    We consider ourselves not simply a group of projects sharing a server, but rather a community of developers
    and users.</l:description><l:license name='Apache 2.0 License' url='https://www.apache.org/licenses/LICENSE-2.0'/></l:dependency></l:dependencies>