<?xml version='1.0' encoding='UTF-8'?>
<l:dependencies xmlns:l='licenses' groupId='org.jenkins-ci.plugins' artifactId='jsch' version='0.1.55.61.va_e9ee26616e7'><l:dependency name='Jenkins JSch dependency plugin' groupId='org.jenkins-ci.plugins' artifactId='jsch' version='0.1.55.61.va_e9ee26616e7' url='https://github.com/jenkinsci/jsch-plugin'><l:description>The Jenkins Plugins Parent POM Project</l:description><l:license name='MIT License' url='https://opensource.org/licenses/MIT'/></l:dependency><l:dependency name='JSch' groupId='com.jcraft' artifactId='jsch' version='0.1.55' url='http://www.jcraft.com/jsch/'><l:description>JSch is a pure Java implementation of SSH2</l:description><l:license name='Revised BSD' url='http://www.jcraft.com/jsch/LICENSE.txt'/></l:dependency></l:dependencies>