<?xml version='1.0' encoding='UTF-8'?>
<l:dependencies xmlns:l='licenses' groupId='io.jenkins.plugins' artifactId='jakarta-activation-api' version='2.0.1-2'><l:dependency name='Jakarta Activation API' groupId='io.jenkins.plugins' artifactId='jakarta-activation-api' version='2.0.1-2' url='https://github.com/jenkinsci/jakarta-activation-api-plugin'><l:description>Plugin providing the Jakarta Activation API for other plugins</l:description><l:license name='BSD-3-Clause' url='https://opensource.org/licenses/BSD-3-Clause'/></l:dependency><l:dependency name='Jakarta Activation' groupId='com.sun.activation' artifactId='jakarta.activation' version='2.0.1' url='https://github.com/eclipse-ee4j/jaf/jakarta.activation'><l:description>Jakarta Activation</l:description><l:license name='EDL 1.0' url='http://www.eclipse.org/org/documents/edl-v10.php'/></l:dependency></l:dependencies>