<?xml version='1.0' encoding='UTF-8'?>
<l:dependencies xmlns:l='licenses' groupId='org.jenkins-ci.plugins' artifactId='trilead-api' version='2.84.v72119de229b_7'><l:dependency name='Trilead API Plugin' groupId='org.jenkins-ci.plugins' artifactId='trilead-api' version='2.84.v72119de229b_7' url='https://github.com/jenkinsci/trilead-api-plugin'><l:description>This plugin provides access to Trilead without having to bundle Trilead in Jenkins core</l:description><l:license name='The MIT license' url='https://opensource.org/licenses/MIT'/></l:dependency><l:dependency name='Ganymed SSH2 for Java' groupId='org.jenkins-ci' artifactId='trilead-ssh2' version='build-217-jenkins-247.v708a_8b_14f4b_a' url='http://svn.svnkit.com/repos/3rdparty/com.trilead.ssh2/tags/1.0.0-build217/trilead-ssh2/'><l:description>Ganymed SSH2 for Java is a library which implements the SSH-2 protocol in pure Java</l:description><l:license name='BSD style license' url='http://www.ganymed.ethz.ch/ssh2/LICENSE.txt'/></l:dependency><l:dependency name='Tink Cryptography API' groupId='com.google.crypto.tink' artifactId='tink' version='1.7.0' url='http://github.com/google/tink'><l:description>Tink is a small cryptographic library that provides a safe, simple, agile and fast way to accomplish some common cryptographic tasks.</l:description><l:license name='Apache License, Version 2.0' url='http://www.apache.org/licenses/LICENSE-2.0.txt'/></l:dependency><l:dependency name='jbcrypt' groupId='org.connectbot.jbcrypt' artifactId='jbcrypt' version='1.0.0' url='https://github.com/kruton/jbcrypt'><l:description>A Java language version of the BCrypt algorithm</l:description><l:license name='ISC' url='https://www.isc.org/downloads/software-support-policy/isc-license/'/></l:dependency><l:dependency name='PuTTY support for Trilead SSH2 library' groupId='org.kohsuke' artifactId='trilead-putty-extension' version='1.2' url='http://trilead-putty-extension.kohsuke.org/'><l:description>Loads SSH key in the PuTTY format</l:description><l:license name='MIT license' url='http://www.opensource.org/licenses/mit-license.php'/></l:dependency><l:dependency name='EdDSA-Java' groupId='net.i2p.crypto' artifactId='eddsa' version='0.3.0' url='https://github.com/str4d/ed25519-java'><l:description>Implementation of EdDSA in Java</l:description><l:license name='CC0 1.0 Universal' url='https://creativecommons.org/publicdomain/zero/1.0/'/></l:dependency><l:dependency name='Gson' groupId='com.google.code.gson' artifactId='gson' version='2.8.9' url='https://github.com/google/gson/gson'><l:description>Gson JSON library</l:description><l:license name='Apache-2.0' url='https://www.apache.org/licenses/LICENSE-2.0.txt'/></l:dependency></l:dependencies>