<?xml version='1.0' encoding='UTF-8'?>
<l:dependencies xmlns:l='licenses' groupId='org.jenkins-ci.plugins' artifactId='junit' version='1166.va_436e268e972'><l:dependency name='JUnit Plugin' groupId='org.jenkins-ci.plugins' artifactId='junit' version='1166.va_436e268e972' url='https://github.com/jenkinsci/junit-plugin'><l:description>Allows JUnit-format test results to be published.</l:description><l:license name='MIT' url='https://opensource.org/licenses/MIT'/></l:dependency><l:dependency name='JBoss Marshalling API' groupId='org.jboss.marshalling' artifactId='jboss-marshalling' version='2.1.0.Final' url='http://www.jboss.org/jboss-marshalling-parent/jboss-marshalling'><l:description>JBoss Marshalling API</l:description><l:license name='Apache License 2.0' url='http://repository.jboss.org/licenses/apache-2.0.txt'/></l:dependency><l:dependency name='JSON in Java' groupId='org.json' artifactId='json' version='20220320' url='https://github.com/douglascrockford/JSON-java'><l:description>JSON is a light-weight, language independent, data interchange format.
        See http://www.JSON.org/

        The files in this package implement JSON encoders/decoders in Java.
        It also includes the capability to convert between JSON and XML, HTTP
        headers, Cookies, and CDL.

        This is a reference implementation. There is a large number of JSON packages
        in Java. Perhaps someday the Java community will standardize on one. Until
        then, choose carefully.

        The license includes this restriction: "The software shall be used for good,
        not evil." If your conscience cannot live with that, then choose a different
        package.</l:description><l:license name='The JSON License' url='http://json.org/license.html'/></l:dependency><l:dependency name='jaxb-api' groupId='javax.xml.bind' artifactId='jaxb-api' version='2.3.1' url='https://github.com/javaee/jaxb-spec/jaxb-api'><l:description>JAXB (JSR 222) API</l:description><l:license name='CDDL 1.1' url='https://oss.oracle.com/licenses/CDDL+GPL-1.1'/><l:license name='GPL2 w/ CPE' url='https://oss.oracle.com/licenses/CDDL+GPL-1.1'/></l:dependency><l:dependency name='JavaBeans Activation Framework (JAF) API' groupId='io.jenkins.plugins' artifactId='javax-activation-api' version='1.2.0-5' url='https://github.com/jenkinsci/javax-activation-api-plugin'><l:description>Plugin providing the JavaBeans Activation Framework (JAF) API for other plugins</l:description><l:license name='CDDL-1.1' url='https://spdx.org/licenses/CDDL-1.1.html'/></l:dependency><l:dependency name='JAXB plugin' groupId='io.jenkins.plugins' artifactId='jaxb' version='2.3.7-1' url='https://github.com/jenkinsci/jaxb-plugin'><l:description>Detached packaging for JAXB for more transparent Java 9+ compatibility</l:description><l:license name='MIT' url='https://opensource.org/licenses/MIT'/></l:dependency><l:dependency name='JBoss Marshalling River' groupId='org.jboss.marshalling' artifactId='jboss-marshalling-river' version='2.1.0.Final' url='http://www.jboss.org/jboss-marshalling-parent/jboss-marshalling-river'><l:description>JBoss Marshalling River Implementation</l:description><l:license name='Apache License 2.0' url='http://repository.jboss.org/licenses/apache-2.0.txt'/></l:dependency><l:dependency name='SnakeYAML API Plugin' groupId='io.jenkins.plugins' artifactId='snakeyaml-api' version='1.33-90.v80dcb_3814d35' url='https://github.com/jenkinsci/snakeyaml-api-plugin'><l:description>This plugin packages stock SnakeYAML library</l:description><l:license name='The MIT License (MIT)' url='https://opensource.org/licenses/MIT'/></l:dependency><l:dependency name='JavaBeans Activation Framework' groupId='com.sun.activation' artifactId='javax.activation' version='1.2.0' url='http://java.net/all/javax.activation/'><l:description>JavaBeans Activation Framework</l:description><l:license name='CDDL/GPLv2+CE' url='https://github.com/javaee/activation/blob/master/LICENSE.txt'/></l:dependency><l:dependency name='Old JAXB Runtime' groupId='com.sun.xml.bind' artifactId='jaxb-impl' version='2.3.7' url='https://eclipse-ee4j.github.io/jaxb-ri/'><l:description>Old JAXB Runtime module. Contains sources required for runtime processing.</l:description><l:license name='Eclipse Distribution License - v 1.0' url='http://www.eclipse.org/org/documents/edl-v10.php'/></l:dependency><l:dependency name='SnakeYAML' groupId='org.yaml' artifactId='snakeyaml' version='1.33' url='https://bitbucket.org/snakeyaml/snakeyaml'><l:description>YAML 1.1 parser and emitter for Java</l:description><l:license name='Apache License, Version 2.0' url='http://www.apache.org/licenses/LICENSE-2.0.txt'/></l:dependency></l:dependencies>